Rank,Tournament Rank,Team Name,Conference,Wins,Losses,AdjEM,AdjO,AdjO Rank,AdjD,AdjD Rank,AdjT,AdjT Rank,Luck,Luck Rank,SS AdjEM,SS AdjEM Rank,SS OppO,SS OppO Rank,SS OppD,SS OppD Rank,NCSOS AdjEM,NCSOS AdjEM Rank
1,1,Connecticut,BE,31,3,+32.21,126.6,1,94.4,11,64.5,329,+.047,70,+10.46,34,111.6,41,101.2,30,-3.36,285
2,1,Houston,B12,30,4,+31.72,118.9,17,87.1,2,63.3,348,+.053,61,+11.75,14,111.9,36,100.1,6,-0.79,225
3,1,Purdue,B10,29,4,+29.12,125.0,4,95.9,21,67.4,175,+.045,75,+13.74,4,114.0,5,100.3,10,+10.35,13
4,4,Auburn,SEC,27,7,+28.90,120.6,10,91.7,4,69.8,58,-.067,324,+9.60,53,111.9,35,102.3,71,+1.45,152
5,2,Iowa St.,B12,27,7,+26.72,113.9,55,87.1,1,67.3,179,+.012,155,+10.38,37,111.0,58,100.6,15,-7.20,351
6,2,Arizona,P12,25,8,+26.62,121.1,8,94.5,12,71.8,16,-.043,288,+10.79,26,111.9,34,101.1,26,+10.43,10
7,2,Tennessee,SEC,24,8,+25.97,117.0,29,91.0,3,69.2,79,-.030,265,+12.63,8,114.3,2,101.7,51,+8.50,21
8,4,Duke,ACC,24,8,+24.88,121.8,7,97.0,26,66.7,231,-.077,333,+8.55,75,110.6,72,102.0,63,+0.13,199
9,1,North Carolina,ACC,27,7,+24.65,117.8,24,93.2,6,70.4,41,-.024,249,+11.24,21,112.4,21,101.2,32,+7.07,36
10,3,Illinois,B10,26,8,+23.99,125.6,3,101.6,93,69.9,56,-.032,270,+11.08,24,111.6,43,100.5,12,-2.25,261
11,3,Creighton,BE,23,9,+23.40,120.1,12,96.7,24,67.0,207,-.013,220,+11.14,23,112.1,29,101.0,25,+5.13,69
12,2,Marquette,BE,25,9,+22.74,118.3,21,95.6,19,69.0,91,+.036,98,+13.13,7,113.3,6,100.2,8,+8.27,23
13,4,Alabama,SEC,21,11,+22.48,125.6,2,103.1,112,72.6,9,-.028,261,+13.67,6,114.5,1,100.8,18,+9.15,18
14,3,Baylor,B12,23,10,+22.30,122.5,6,100.2,64,65.6,281,-.004,196,+14.07,1,112.8,12,98.7,1,+3.16,101
15,5,Gonzaga,WCC,25,7,+21.56,121.0,9,99.4,46,69.1,83,-.052,301,+3.38,105,108.4,100,105.0,126,+7.50,27
16,6,BYU,B12,23,10,+21.01,120.5,11,99.5,48,69.1,85,-.034,274,+9.64,52,110.5,74,100.8,22,-5.50,327
17,5,Wisconsin,B10,22,13,+20.60,120.1,13,99.5,47,65.2,307,-.031,266,+14.00,3,113.3,7,99.3,3,+6.22,47
18,9,Michigan St.,B10,19,14,+20.03,113.8,57,93.7,8,65.2,305,-.104,355,+12.30,12,114.1,4,101.8,59,+4.49,77
19,3,Kentucky,SEC,23,9,+20.02,122.7,5,102.7,108,72.6,11,-.027,257,+9.11,66,111.3,48,102.2,70,-0.19,205
20,5,Saint Mary's,WCC,26,7,+19.89,114.9,45,95.0,16,61.9,358,+.020,133,+3.06,108,108.3,105,105.2,133,+5.38,60
21,5,San Diego St.,MWC,24,10,+19.70,113.5,62,93.8,9,66.0,266,-.032,268,+11.03,25,112.7,16,101.7,47,+10.70,9
22,4,Kansas,B12,22,10,+19.23,113.4,65,94.2,10,68.9,92,+.048,69,+13.73,5,112.9,11,99.1,2,+5.23,64
23,11,New Mexico,MWC,26,9,+18.94,115.4,41,96.5,23,72.7,8,-.021,244,+6.84,85,110.2,82,103.3,87,-0.38,212
24,6,Texas Tech,B12,23,10,+18.54,117.9,23,99.4,45,66.6,234,+.040,89,+10.53,31,111.3,49,100.8,17,-2.37,263
25,N/A,St. John's,BE,20,13,+18.50,118.4,20,99.9,56,69.2,78,-.068,326,+10.59,30,112.3,24,101.7,54,+1.64,145
26,10,Colorado,P12,24,10,+18.47,117.6,25,99.1,42,67.5,165,+.012,156,+8.13,76,110.3,80,102.1,69,-1.50,245
27,7,Texas,B12,20,12,+18.40,118.5,19,100.1,61,67.2,196,-.034,273,+10.49,32,111.2,55,100.7,16,-2.96,277
28,8,Nebraska,B10,23,10,+18.19,115.9,36,97.7,30,68.6,103,+.014,150,+9.09,68,110.8,64,101.7,56,-5.24,322
29,7,Florida,SEC,24,11,+18.19,119.3,14,101.1,83,71.7,18,-.007,202,+10.72,29,112.3,26,101.5,45,+2.05,132
30,8,Mississippi St.,SEC,21,13,+17.98,113.7,60,95.7,20,67.1,202,-.044,290,+11.15,22,112.6,18,101.4,39,+0.70,173
31,N/A,Wake Forest,ACC,20,13,+17.79,117.6,26,99.8,55,68.1,133,-.098,354,+8.60,74,110.0,85,101.4,40,-1.81,252
32,7,Dayton,A10,24,7,+17.30,118.6,18,101.3,87,64.2,337,+.003,169,+5.94,88,108.7,98,102.7,76,+7.00,38
33,9,TCU,B12,21,12,+17.29,115.1,44,97.8,31,69.7,63,-.049,298,+9.83,46,110.6,68,100.8,19,-8.40,357
34,6,Clemson,ACC,21,11,+16.94,117.4,27,100.5,67,66.1,260,-.022,245,+10.08,41,112.2,28,102.1,68,+5.20,65
35,N/A,Villanova,BE,18,15,+16.93,111.6,84,94.7,13,63.2,350,-.087,347,+11.32,20,112.7,17,101.3,37,+6.05,48
36,10,Nevada,MWC,26,7,+16.81,115.5,40,98.7,36,66.6,233,+.059,53,+5.69,89,109.7,87,104.1,95,-1.10,231
37,N/A,Cincinnati,B12,20,14,+16.72,112.3,77,95.5,17,67.3,188,-.079,336,+9.42,57,110.7,65,101.3,36,-4.01,300
38,10,Colorado St.,MWC,24,10,+16.60,115.4,42,98.8,38,65.8,270,-.025,253,+9.15,65,112.1,31,103.0,85,+5.82,52
39,10,Boise St.,MWC,22,10,+16.38,114.0,52,97.6,29,66.8,221,+.010,158,+9.31,59,111.0,57,101.7,52,+7.76,26
40,N/A,Pittsburgh,ACC,22,11,+16.36,115.9,35,99.5,50,65.5,292,+.005,166,+7.76,80,110.6,69,102.9,81,-6.29,340
41,8,Florida Atlantic,Amer,25,8,+16.24,119.0,16,102.7,109,68.1,138,-.012,217,+5.28,93,109.4,92,104.1,98,+6.60,40
42,7,Washington St.,P12,24,9,+16.22,113.4,64,97.2,27,64.8,316,+.021,130,+6.98,84,109.9,86,103.0,84,-5.10,317
43,N/A,Oklahoma,B12,20,12,+16.12,114.3,48,98.2,34,67.0,213,-.024,250,+10.44,36,110.7,67,100.2,9,-5.35,323
44,9,Texas A&M,SEC,20,14,+16.11,116.0,31,99.9,57,65.8,269,-.025,254,+11.46,19,112.7,15,101.2,33,+5.29,62
45,N/A,Indiana St.,MVC,28,6,+16.10,118.3,22,102.2,99,70.5,40,+.033,103,+1.78,129,107.2,137,105.4,140,-4.22,304
46,9,Northwestern,B10,21,11,+15.91,116.7,30,100.8,72,63.7,342,+.008,164,+9.71,49,111.8,37,102.0,65,-7.39,355
47,N/A,Ohio St.,B10,20,13,+15.59,115.7,37,100.1,60,65.4,294,-.028,262,+10.04,43,111.7,39,101.7,48,-2.00,256
48,8,Utah St.,MWC,27,6,+15.11,115.6,39,100.5,68,68.5,107,+.100,14,+6.02,87,109.4,91,103.3,88,+1.84,141
49,6,South Carolina,SEC,26,7,+15.06,114.7,46,99.7,54,62.9,354,+.152,2,+7.59,81,110.4,78,102.8,79,-6.00,337
50,N/A,Utah,P12,19,14,+14.81,113.9,54,99.1,41,69.6,68,-.035,278,+10.25,40,111.5,45,101.3,35,+5.70,55
51,10,Drake,MVC,28,6,+14.71,115.6,38,100.9,75,67.8,150,+.065,43,+2.60,120,107.8,116,105.2,132,-1.46,243
52,N/A,Iowa,B10,18,14,+14.02,119.2,15,105.2,153,71.3,22,-.020,240,+11.64,16,112.8,14,101.1,27,-1.26,238
53,12,Grand Canyon,WAC,29,4,+13.91,113.5,63,99.6,51,68.1,134,+.022,120,-1.42,209,104.1,277,105.6,148,-1.51,246
54,N/A,Providence,BE,21,13,+13.60,109.1,119,95.5,18,67.7,158,+.021,126,+9.93,44,112.2,27,102.3,72,-1.87,254
55,11,Oregon,P12,23,11,+13.43,114.0,50,100.6,70,67.2,197,+.049,68,+9.10,67,110.9,62,101.8,57,-0.15,204
56,N/A,Xavier,BE,16,17,+13.43,112.7,73,99.3,44,71.0,34,-.048,296,+12.61,9,113.2,8,100.6,13,+4.93,70
57,N/A,Virginia Tech,ACC,18,14,+13.23,115.9,32,102.7,106,67.4,172,-.035,275,+9.26,61,110.4,76,101.2,29,+2.90,113
58,11,N.C. State,ACC,22,14,+13.06,114.4,47,101.3,89,68.1,137,-.000,183,+9.33,58,110.9,63,101.5,44,-4.92,315
59,12,James Madison,SB,31,3,+12.90,113.9,56,101.0,79,69.5,71,+.027,110,-4.44,293,103.4,293,107.8,269,-6.59,342
60,12,McNeese St.,Slnd,30,3,+12.86,114.0,51,101.2,84,65.6,282,+.016,144,-6.72,336,102.3,316,109.0,337,+4.54,76
61,N/A,UCF,B12,17,15,+12.84,107.7,149,94.8,15,68.3,124,-.062,321,+9.72,48,111.2,54,101.5,41,-5.84,334
62,N/A,Seton Hall,BE,20,12,+12.68,112.3,76,99.6,52,66.0,263,+.068,36,+10.04,42,111.8,38,101.7,53,-1.33,242
63,N/A,Washington,P12,17,15,+12.67,115.1,43,102.4,101,71.1,30,-.081,339,+9.30,60,110.9,60,101.6,46,+5.87,51
64,N/A,Bradley,MVC,22,11,+12.44,112.4,74,100.0,58,66.2,254,-.044,289,+3.71,102,107.8,114,104.1,97,+2.89,115
65,N/A,Maryland,B10,16,17,+12.42,107.1,160,94.7,14,65.4,298,-.093,350,+9.82,47,111.3,47,101.5,42,-4.77,312
66,N/A,Princeton,Ivy,24,4,+12.35,117.1,28,104.7,144,65.0,311,+.038,90,+0.55,149,106.3,172,105.7,159,+3.33,95
67,N/A,Butler,BE,18,14,+12.25,113.0,71,100.8,73,68.4,121,-.012,218,+11.62,17,112.4,20,100.8,21,+2.35,124
68,N/A,Kansas St.,B12,19,14,+12.08,108.4,138,96.4,22,67.3,187,+.037,92,+11.68,15,111.7,40,100.0,5,+0.20,197
69,10,Virginia,ACC,23,10,+12.08,105.4,194,93.3,7,59.9,362,+.109,12,+8.03,77,111.2,53,103.2,86,-1.19,236
70,N/A,San Francisco,WCC,23,10,+11.45,110.4,97,98.9,39,67.2,193,-.039,285,-0.70,189,106.4,167,107.1,223,-2.67,269
71,N/A,SMU,Amer,20,12,+11.23,111.2,87,100.0,59,67.4,170,-.083,341,+2.97,109,108.2,106,105.2,135,+0.45,185
72,N/A,UNLV,MWC,19,12,+10.89,112.3,75,101.4,92,64.9,312,+.000,179,+7.48,82,110.4,75,103.0,83,+3.77,91
73,N/A,North Texas,Amer,18,14,+10.89,109.7,107,98.8,37,61.4,360,-.116,360,+5.23,94,109.6,89,104.3,106,+4.40,79
74,N/A,Memphis,Amer,22,10,+10.54,113.1,70,102.5,105,71.5,19,+.036,97,+5.06,95,109.2,93,104.2,102,+5.15,67
75,N/A,Boston College,ACC,19,15,+10.49,113.2,67,102.7,107,67.1,203,-.021,242,+7.99,78,110.0,83,102.0,66,-0.50,213
76,N/A,UC Irvine,BW,24,9,+10.35,109.4,110,99.1,40,68.4,119,-.045,293,-0.29,176,105.9,190,106.2,171,+5.98,49
77,N/A,Penn St.,B10,16,17,+10.34,111.4,86,101.0,81,69.7,61,-.059,314,+9.47,55,111.1,56,101.7,50,-3.93,297
78,N/A,Minnesota,B10,18,14,+10.16,114.0,49,103.9,128,66.5,240,-.026,255,+7.38,83,110.3,81,102.9,82,-12.72,362
79,N/A,Appalachian St.,SB,27,6,+10.14,108.3,141,98.1,33,66.7,229,+.022,124,-1.68,213,106.2,178,107.9,273,+0.52,181
80,N/A,VCU,A10,22,13,+10.02,109.3,115,99.2,43,65.2,302,-.032,269,+4.13,100,108.2,107,104.0,94,+0.25,195
81,13,Samford,SC,29,5,+9.79,113.1,69,103.3,116,72.5,14,+.129,9,-2.73,247,104.3,268,107.0,216,-5.57,330
82,N/A,Richmond,A10,23,9,+9.57,107.5,153,97.9,32,66.8,219,+.040,87,+2.88,110,107.4,124,104.6,111,-2.90,275
83,N/A,Florida St.,ACC,17,16,+9.49,110.5,94,101.0,80,71.0,31,+.013,152,+10.45,35,112.3,23,101.9,61,+2.92,110
84,13,Yale,Ivy,22,9,+9.47,110.8,89,101.4,90,64.5,327,+.001,177,+2.09,127,108.3,102,106.2,176,+5.38,61
85,N/A,USC,P12,15,18,+9.42,110.3,99,100.9,78,68.0,139,-.042,287,+10.74,27,111.6,44,100.8,20,+6.29,44
86,11,Duquesne,A10,24,11,+9.37,106.9,166,97.5,28,66.3,251,+.049,66,+4.86,97,109.1,94,104.2,103,+1.85,140
87,N/A,Mississippi,SEC,20,12,+9.31,114.0,53,104.6,142,66.8,218,+.095,16,+8.84,72,110.9,61,102.0,64,-1.53,247
88,N/A,Syracuse,ACC,20,12,+9.28,111.0,88,101.7,95,70.6,38,+.132,7,+10.33,38,112.0,33,101.7,49,+3.31,96
89,N/A,South Florida,Amer,24,7,+9.13,110.4,96,101.3,85,68.0,143,+.056,56,+0.37,153,106.4,166,106.0,164,-4.14,302
90,N/A,Georgia,SEC,17,16,+9.05,109.6,108,100.5,69,68.3,126,+.000,181,+9.55,54,112.3,25,102.7,77,+0.26,194
91,N/A,LSU,SEC,17,15,+8.72,110.1,102,101.4,91,69.6,67,-.009,210,+9.01,69,111.4,46,102.4,73,-1.27,239
92,N/A,Loyola Chicago,A10,23,9,+8.69,105.6,189,96.9,25,68.6,106,+.060,51,+2.62,118,107.4,127,104.8,119,-3.44,287
93,N/A,Indiana,B10,19,14,+8.68,109.7,106,101.0,82,68.4,116,+.138,5,+11.86,13,113.0,9,101.2,31,-0.66,218
94,N/A,Massachusetts,A10,20,11,+8.58,111.8,81,103.2,115,68.1,135,-.063,322,+0.72,144,106.4,165,105.7,156,-5.20,320
95,N/A,Louisiana Tech,CUSA,22,10,+8.32,108.7,132,100.4,65,65.7,278,-.072,330,-0.12,168,104.9,246,105.0,125,+3.96,87
96,N/A,George Mason,A10,20,12,+8.18,109.5,109,101.3,88,63.6,344,-.033,271,+2.47,122,107.8,115,105.3,138,-2.97,278
97,N/A,UCLA,P12,16,17,+7.71,107.2,156,99.5,49,63.0,352,-.028,259,+8.89,71,110.4,77,101.5,43,+0.76,170
98,13,Charleston,CAA,27,7,+7.61,113.7,58,106.1,176,69.8,59,+.050,64,-2.14,225,105.4,214,107.6,255,-0.14,203
99,N/A,Saint Joseph's,A10,21,13,+7.52,110.8,90,103.3,117,68.3,122,-.031,267,+2.25,124,107.1,138,104.9,123,-5.95,336
100,N/A,Rutgers,B10,15,17,+7.49,99.2,298,91.8,5,67.8,151,-.000,186,+11.52,18,112.8,13,101.2,34,-2.83,273
101,N/A,St. Bonaventure,A10,20,13,+7.45,111.6,83,104.2,133,65.5,290,-.019,236,+2.65,117,106.7,150,104.1,96,-4.10,301
102,N/A,Miami FL,ACC,15,17,+7.44,110.8,92,103.3,118,68.5,111,-.059,315,+9.20,64,110.9,59,101.7,55,-2.43,265
103,N/A,Cornell,Ivy,22,7,+7.12,113.1,68,106.0,173,71.3,26,+.037,93,+0.03,162,105.8,193,105.8,160,+0.31,191
104,13,Vermont,AE,28,6,+6.98,107.1,159,100.1,62,63.2,349,+.063,48,-2.65,244,104.3,261,107.0,215,+2.53,120
105,N/A,Stanford,P12,14,18,+6.42,110.4,98,103.9,129,69.5,69,-.052,300,+7.96,79,110.0,84,102.1,67,-1.66,251
106,12,UAB,Amer,23,11,+6.28,113.7,59,107.4,202,67.8,153,+.116,11,+4.45,98,108.8,96,104.4,109,+1.94,136
107,N/A,Arkansas,SEC,16,17,+5.81,110.0,103,104.2,136,70.7,36,+.046,72,+9.66,51,112.5,19,102.8,80,+2.08,130
108,N/A,Western Carolina,SC,22,10,+5.68,109.2,116,103.5,122,66.8,225,+.002,174,-0.59,183,106.2,175,106.8,211,+0.19,198
109,N/A,Santa Clara,WCC,20,13,+5.61,109.8,105,104.2,134,69.1,86,+.013,151,+2.61,119,107.7,118,105.1,128,+4.07,84
110,N/A,Northern Iowa,MVC,19,14,+5.54,109.2,117,103.7,125,66.6,235,+.036,99,+4.95,96,108.8,97,103.8,92,+6.28,45
111,14,Morehead St.,OVC,26,8,+5.47,109.0,124,103.5,120,64.2,335,+.044,80,-5.79,319,103.1,297,108.9,334,+7.96,24
112,N/A,High Point,BSth,25,8,+5.40,115.9,34,110.5,262,68.5,109,-.061,319,-4.40,291,104.1,276,108.5,310,-4.33,309
113,N/A,Belmont,MVC,20,13,+5.34,109.4,112,104.0,130,71.2,28,+.056,57,+2.81,111,107.9,110,105.1,131,+1.54,148
114,N/A,Hofstra,CAA,20,13,+5.34,108.5,136,103.2,114,65.6,280,-.038,282,-0.18,171,107.6,120,107.8,264,+5.50,57
115,N/A,Oklahoma St.,B12,12,20,+5.33,109.0,123,103.7,126,67.0,210,-.070,328,+9.70,50,110.6,70,100.9,24,-5.57,329
116,14,Akron,MAC,24,10,+4.94,107.0,162,102.1,97,65.9,268,-.002,191,-1.86,219,105.4,218,107.3,235,+6.45,42
117,N/A,UT Arlington,WAC,20,14,+4.91,109.1,121,104.2,135,71.0,33,+.018,139,+1.53,132,106.1,182,104.6,112,+9.66,16
118,N/A,UNC Wilmington,CAA,21,10,+4.83,113.3,66,108.5,223,65.2,303,+.020,134,-0.27,175,106.4,163,106.7,204,+5.97,50
119,N/A,Charlotte,Amer,19,12,+4.71,108.7,131,104.0,131,62.4,356,+.046,74,+2.80,112,107.8,113,105.0,127,+2.88,116
120,N/A,Seattle,WAC,19,14,+4.54,105.3,198,100.7,71,66.7,230,-.085,344,-0.80,192,104.5,258,105.3,136,-1.15,234
121,N/A,UC San Diego,BW,21,11,+4.53,111.9,80,107.3,200,65.3,300,-.010,214,-1.92,220,104.2,272,106.2,173,-0.74,222
122,N/A,Southern Illinois,MVC,19,13,+4.52,109.3,114,104.8,147,64.4,332,-.018,234,+0.78,142,106.7,153,105.9,161,-6.79,345
123,N/A,California,P12,13,19,+4.49,109.0,126,104.5,141,68.4,118,-.003,193,+8.90,70,110.7,66,101.8,58,+0.86,167
124,N/A,Drexel,CAA,20,12,+4.29,108.3,140,104.0,132,64.4,330,-.035,276,-1.80,216,105.6,205,107.4,243,+0.70,175
125,N/A,Davidson,A10,15,17,+4.27,105.6,190,101.3,86,65.5,285,-.080,338,+4.32,99,108.0,109,103.6,90,+0.94,166
126,N/A,Notre Dame,ACC,13,20,+4.24,102.8,243,98.6,35,64.2,336,-.012,219,+9.26,62,111.2,52,101.9,62,-0.83,227
127,N/A,Michigan,B10,8,24,+3.82,110.5,93,106.7,182,67.4,174,-.083,342,+14.05,2,114.2,3,100.2,7,+7.82,25
128,N/A,Georgia Tech,ACC,14,18,+3.78,108.9,127,105.2,152,67.5,167,+.072,30,+10.73,28,111.3,50,100.6,14,+4.85,71
129,N/A,Arizona St.,P12,14,18,+3.76,103.9,220,100.2,63,69.1,84,+.064,45,+10.48,33,111.6,42,101.1,28,+6.23,46
130,N/A,Troy,SB,20,12,+3.73,107.2,157,103.5,119,69.6,65,-.052,303,-1.67,212,105.3,221,107.0,214,+0.95,165
131,N/A,Arkansas St.,SB,18,16,+3.32,113.6,61,110.3,259,67.8,152,-.024,251,+0.54,151,106.6,155,106.1,169,+2.28,126
132,15,Western Kentucky,CUSA,22,11,+3.06,105.6,191,102.5,103,75.1,1,-.051,299,-2.53,243,103.7,289,106.2,174,-2.76,270
133,N/A,Youngstown St.,Horz,22,10,+2.99,108.2,143,105.2,151,68.8,95,-.022,246,-4.08,286,105.4,217,109.5,354,+1.30,154
134,15,South Dakota St.,Sum,22,12,+2.99,108.7,134,105.7,163,67.9,148,-.018,233,-2.40,235,105.6,201,108.0,281,+3.11,105
135,N/A,Tarleton St.,WAC,23,9,+2.84,108.9,128,106.1,175,66.5,246,+.156,1,+0.73,143,105.1,237,104.4,108,+5.44,58
136,N/A,Tulane,Amer,14,17,+2.82,110.8,91,108.0,213,72.6,12,-.086,345,+3.59,104,108.0,108,104.4,110,-3.22,283
137,14,Oakland,Horz,23,11,+2.82,108.6,135,105.8,165,66.7,232,+.082,21,-1.08,198,107.1,139,108.2,289,+9.90,15
138,N/A,Liberty,CUSA,18,14,+2.71,109.1,120,106.4,179,64.5,328,-.052,304,+0.16,158,104.4,259,104.3,105,+3.14,102
139,N/A,Toledo,MAC,20,12,+2.69,112.8,72,110.1,255,69.3,76,+.004,167,-1.34,205,105.3,220,106.6,200,+5.15,68
140,N/A,Chattanooga,SC,21,12,+2.49,110.4,95,107.9,212,66.9,216,+.027,109,-2.02,221,105.2,230,107.2,230,-4.30,307
141,N/A,Furman,SC,17,16,+2.35,109.9,104,107.6,208,68.7,98,-.068,327,+0.87,141,107.4,126,106.5,189,+2.26,128
142,N/A,Sam Houston St.,CUSA,21,12,+2.30,106.0,179,103.7,127,67.4,168,+.066,42,-0.07,166,104.3,269,104.3,107,+2.92,111
143,N/A,Ohio,MAC,20,13,+2.30,109.1,122,106.8,185,67.3,180,-.096,352,-4.29,289,104.0,281,108.3,293,-2.54,268
144,N/A,West Virginia,B12,9,23,+2.29,108.4,139,106.1,177,68.4,114,-.009,211,+12.35,11,112.0,32,99.6,4,+2.89,114
145,14,Colgate,Pat,25,9,+2.15,104.7,211,102.5,104,66.2,253,+.057,55,-6.97,340,101.9,330,108.9,328,+6.56,41
146,N/A,St. Thomas,Sum,20,13,+1.86,107.7,148,105.8,169,62.9,353,-.087,348,-4.74,301,104.7,252,109.4,353,-3.71,290
147,N/A,Towson,CAA,20,14,+1.83,103.5,226,101.7,94,62.2,357,+.012,154,-1.01,196,106.5,159,107.5,253,+1.73,143
148,N/A,UNC Greensboro,SC,21,11,+1.71,109.2,118,107.5,204,64.7,321,+.070,33,-0.63,186,106.2,180,106.8,207,-0.32,209
149,N/A,Eastern Washington,BSky,21,11,+1.68,112.1,78,110.4,260,70.4,44,+.072,32,-1.22,203,106.1,181,107.3,240,+9.00,19
150,N/A,Missouri,SEC,8,24,+1.68,108.4,137,106.8,184,66.6,238,-.137,362,+9.92,45,112.4,22,102.4,74,-1.46,244
151,N/A,Missouri St.,MVC,17,16,+1.66,104.5,212,102.9,111,67.7,157,+.022,121,+2.53,121,107.3,132,104.8,121,-3.14,281
152,N/A,Louisiana,SB,19,14,+1.52,105.9,181,104.4,138,68.7,99,-.017,230,-0.52,181,106.5,157,107.1,221,+1.98,135
153,N/A,UMass Lowell,AE,22,10,+1.43,106.2,174,104.8,148,70.0,52,-.004,197,-4.03,284,102.2,321,106.2,175,-2.95,276
154,N/A,Weber St.,BSky,20,12,+1.35,108.8,130,107.4,203,65.5,286,-.014,225,-2.22,230,105.2,227,107.5,249,+4.34,80
155,N/A,Wichita St.,Amer,15,19,+1.21,104.7,209,103.5,121,67.9,145,-.037,281,+3.72,101,108.9,95,105.2,134,+1.75,142
156,N/A,Wyoming,MWC,15,17,+1.00,108.7,133,107.7,209,67.1,199,+.038,91,+6.73,86,110.5,73,103.8,91,+2.65,118
157,16,Longwood,BSth,21,13,+0.96,105.7,188,104.8,146,66.8,227,-.047,295,-4.01,283,104.5,257,108.5,309,-6.74,344
158,N/A,Montana,BSky,23,11,+0.95,111.7,82,110.7,267,66.2,252,+.075,29,-3.30,265,104.8,247,108.1,286,+2.02,134
159,N/A,Oregon St.,P12,13,19,+0.84,106.9,167,106.1,174,65.1,308,+.044,81,+9.20,63,110.6,71,101.4,38,+0.70,174
160,N/A,Purdue Fort Wayne,Horz,21,12,+0.82,105.2,200,104.4,137,70.5,39,-.059,313,-6.23,329,104.0,284,110.2,362,-9.02,358
161,N/A,Wright St.,Horz,18,14,+0.76,115.9,33,115.2,348,71.4,21,-.058,312,-2.48,239,105.1,239,107.6,256,+4.25,83
162,N/A,Murray St.,MVC,12,20,+0.65,107.5,150,106.8,188,64.3,333,-.113,359,+3.26,106,107.4,125,104.1,100,+0.26,193
163,15,Long Beach St.,BW,21,14,-0.00,107.9,145,107.9,210,71.2,29,+.047,71,-0.56,182,104.9,245,105.5,144,+1.51,150
164,N/A,UNC Asheville,BSth,22,12,-0.07,107.5,151,107.5,207,68.1,136,+.083,20,-1.03,197,106.4,168,107.4,244,+3.54,93
165,N/A,Lipscomb,ASun,20,12,-0.18,112.0,79,112.2,307,69.0,90,+.010,157,-3.63,274,105.4,213,109.1,338,+2.35,123
166,N/A,Fairfield,MAAC,22,12,-0.28,108.8,129,109.1,238,68.3,125,+.015,149,-5.19,311,101.7,333,106.9,213,-2.44,266
167,N/A,Hawaii,BW,20,14,-0.34,104.9,206,105.2,155,66.1,262,-.008,205,-2.86,248,104.0,283,106.8,210,-5.18,318
168,N/A,Quinnipiac,MAAC,24,9,-0.36,106.0,180,106.3,178,71.3,25,+.079,23,-6.73,337,101.1,343,107.8,268,-7.01,348
169,N/A,Delaware,CAA,19,14,-0.57,105.0,203,105.6,160,67.4,178,-.014,223,-2.87,249,105.2,233,108.0,282,-0.50,214
170,N/A,Utah Valley,WAC,16,16,-0.58,99.9,290,100.5,66,67.6,161,+.000,180,+1.51,133,106.3,174,104.8,118,+7.21,33
171,N/A,Stony Brook,CAA,20,15,-0.59,106.4,172,107.0,195,67.4,169,+.054,60,-1.16,201,105.4,216,106.6,192,+1.24,156
172,N/A,Kent St.,MAC,17,17,-0.67,106.1,177,106.8,186,66.5,244,-.083,343,-1.85,218,105.2,231,107.0,220,+3.70,92
173,N/A,Bryant,AE,20,13,-0.78,101.1,269,101.9,96,74.1,3,+.066,40,-1.35,206,104.3,263,105.7,154,+3.91,89
174,N/A,UC Davis,BW,20,13,-0.80,102.3,250,103.2,113,67.1,201,+.035,101,-2.21,227,105.2,224,107.5,248,-3.75,292
175,N/A,East Tennessee St.,SC,19,16,-1.01,103.4,228,104.4,139,67.0,212,+.028,107,+0.01,163,106.3,169,106.3,181,+1.12,162
176,N/A,Winthrop,BSth,17,15,-1.09,106.9,165,108.0,214,66.9,217,-.057,309,-1.71,214,106.0,186,107.7,262,+1.12,161
177,N/A,Stephen F. Austin,WAC,18,15,-1.10,101.7,257,102.8,110,69.2,81,+.008,162,-0.61,184,105.0,242,105.6,152,-0.79,224
178,N/A,Texas A&M Corpus Chris,Slnd,21,11,-1.17,100.9,271,102.1,98,68.8,97,+.001,178,-7.30,345,102.0,329,109.3,346,+1.67,144
179,N/A,UTEP,CUSA,18,16,-1.19,98.4,308,99.6,53,69.7,62,-.009,209,-0.48,179,105.2,234,105.6,153,-0.82,226
180,N/A,Illinois St.,MVC,15,17,-1.79,102.6,244,104.4,140,63.6,343,+.021,127,+1.32,134,107.5,123,106.1,170,-3.88,296
181,N/A,Texas St.,SB,17,18,-1.80,100.6,276,102.4,102,66.3,250,+.037,95,+1.62,130,107.2,135,105.6,149,+7.36,31
182,N/A,Temple,Amer,16,20,-2.17,102.6,245,104.7,143,66.8,226,+.033,102,+2.41,123,108.3,103,105.9,162,-1.55,248
183,N/A,Tulsa,Amer,16,15,-2.20,103.0,238,105.2,156,70.4,42,+.001,175,-0.94,194,105.9,188,106.8,212,-10.22,360
184,N/A,Little Rock,OVC,21,12,-2.20,107.0,164,109.2,239,68.6,101,-.004,195,-8.89,356,100.7,348,109.6,355,-6.08,339
185,N/A,Brown,Ivy,13,18,-2.23,104.4,216,106.6,181,67.1,198,-.010,213,+1.27,136,106.7,154,105.4,141,+0.37,188
186,N/A,Northern Kentucky,Horz,18,15,-2.31,103.2,235,105.5,159,68.0,140,+.018,141,-2.08,224,106.2,176,108.3,296,+4.60,75
187,15,Saint Peter's,MAAC,19,13,-2.32,98.6,305,100.9,76,64.0,338,+.021,129,-4.30,290,102.7,311,107.0,217,+0.55,180
188,N/A,Vanderbilt,SEC,9,23,-2.33,105.2,201,107.5,205,65.6,283,+.023,117,+10.32,39,112.1,30,101.8,60,-1.62,250
189,N/A,Cleveland St.,Horz,20,14,-2.36,107.8,147,110.2,257,67.2,191,+.016,147,-3.78,279,104.6,254,108.4,303,-0.88,228
190,N/A,East Carolina,Amer,15,18,-2.38,104.9,205,107.3,199,64.9,313,-.002,192,+1.25,138,106.9,144,105.7,155,-6.30,341
191,N/A,Fordham,A10,13,20,-2.44,101.2,265,103.6,124,68.6,104,-.027,256,+1.78,128,106.9,146,105.1,130,-5.92,335
192,N/A,Loyola Marymount,WCC,12,19,-2.58,108.2,142,110.8,270,64.6,325,-.112,358,-0.17,169,106.4,164,106.6,194,-1.96,255
193,N/A,Wofford,SC,17,15,-2.60,107.5,152,110.1,254,65.5,289,+.060,50,+1.27,137,107.3,131,106.1,166,+3.94,88
194,N/A,Illinois Chicago,MVC,12,21,-2.67,100.9,272,103.6,123,68.1,132,-.064,323,+2.75,115,107.5,122,104.7,117,-2.77,271
195,N/A,La Salle,A10,16,17,-2.75,106.0,178,108.8,229,66.5,241,+.045,77,+1.27,135,106.9,147,105.6,151,-7.24,352
196,N/A,Monmouth,CAA,18,15,-2.76,105.7,187,108.5,222,67.7,156,+.058,54,-1.40,208,105.8,191,107.2,233,+1.86,139
197,N/A,Northern Colorado,BSky,19,13,-2.83,109.4,113,112.2,304,69.9,55,+.026,114,-4.06,285,104.6,253,108.7,322,-2.41,264
198,N/A,Saint Louis,A10,13,20,-2.86,111.4,85,114.2,341,69.3,75,+.061,49,+5.68,90,108.4,99,102.8,78,+3.14,103
199,N/A,Jacksonville St.,CUSA,14,18,-2.89,102.0,254,104.9,149,64.7,322,-.109,356,-1.78,215,104.4,260,106.2,172,-2.46,267
200,N/A,Louisville,ACC,8,24,-3.02,105.2,199,108.3,217,69.7,60,-.036,280,+8.68,73,111.3,51,102.6,75,-4.25,305
201,N/A,Cal Baptist,WAC,16,17,-3.05,102.9,242,105.9,172,63.5,346,-.045,292,-1.82,217,103.7,288,105.5,146,-6.06,338
202,N/A,Georgetown,BE,9,23,-3.08,110.2,101,113.3,328,66.5,239,-.021,243,+9.46,56,110.3,79,100.8,23,-7.15,350
203,N/A,UC Santa Barbara,BW,16,15,-3.34,106.3,173,109.7,245,67.2,190,-.014,222,-2.43,236,103.8,285,106.2,177,-4.33,308
204,N/A,George Washington,A10,15,17,-3.36,107.3,155,110.6,264,69.7,64,-.011,216,+0.35,154,105.6,202,105.3,137,-10.39,361
205,N/A,Gardner Webb,BSth,17,16,-3.47,102.4,249,105.8,168,69.3,74,+.078,24,+0.95,140,107.5,121,106.5,190,+7.31,32
206,N/A,Lamar,Slnd,19,14,-3.57,104.5,213,108.1,215,68.2,131,-.030,264,-7.37,347,102.0,328,109.4,351,-3.10,280
207,N/A,Evansville,MVC,16,17,-3.65,103.1,237,106.7,183,68.5,113,+.064,46,+2.24,125,107.0,141,104.8,120,-5.78,333
208,N/A,Rhode Island,A10,12,20,-3.80,106.7,169,110.5,261,68.6,102,-.001,190,+3.66,103,107.9,111,104.2,104,+0.85,168
209,N/A,Marist,MAAC,18,13,-3.84,97.1,321,100.9,77,64.7,323,+.001,176,-6.55,332,101.3,341,107.9,274,-7.56,356
210,N/A,Penn,Ivy,11,18,-3.85,109.4,111,113.2,324,65.4,297,-.071,329,+1.59,131,107.0,143,105.4,142,+2.63,119
211,N/A,Eastern Kentucky,ASun,17,14,-3.86,107.0,161,110.9,273,68.7,100,+.016,146,-3.70,276,106.0,185,109.7,357,+3.21,100
212,N/A,UMKC,Sum,16,16,-3.87,101.4,263,105.2,154,66.5,245,-.029,263,-3.29,263,105.5,211,108.8,325,+0.38,187
213,16,Montana St.,BSky,17,17,-3.90,103.3,234,107.2,198,68.8,96,-.000,184,-3.05,257,105.6,203,108.7,319,+0.07,201
214,N/A,Mercer,SC,16,17,-4.01,104.4,215,108.4,219,66.0,265,+.035,100,-0.63,187,106.5,161,107.1,225,-2.33,262
215,N/A,Merrimack,NEC,21,12,-4.01,96.9,324,100.9,74,67.3,184,+.018,142,-8.55,354,100.4,352,108.9,333,+4.04,86
216,N/A,UC Riverside,BW,16,18,-4.01,104.8,208,108.8,230,67.0,211,+.021,132,-0.23,173,105.3,222,105.5,147,+3.77,90
217,N/A,Tennessee Martin,OVC,21,11,-4.10,106.6,171,110.7,266,72.8,7,+.066,41,-6.05,325,102.0,326,108.1,283,+3.05,108
218,16,Stetson,ASun,22,12,-4.10,110.3,100,114.4,342,66.2,257,+.137,6,-3.33,267,105.3,219,108.6,314,+4.74,74
219,N/A,Georgia St.,SB,14,17,-4.12,105.8,186,109.9,249,67.9,147,-.019,235,-0.75,191,105.7,195,106.5,187,+0.55,178
220,N/A,Abilene Christian,WAC,15,17,-4.19,101.5,260,105.7,164,68.4,117,+.040,88,-0.12,167,104.6,256,104.7,115,+0.52,182
221,N/A,Rider,MAAC,15,17,-4.36,103.0,241,107.3,201,67.9,146,-.018,231,-2.02,222,103.6,291,105.6,150,+9.18,17
222,N/A,South Alabama,SB,16,16,-4.47,104.5,214,108.9,235,68.2,130,+.043,82,-2.31,232,104.9,244,107.2,231,-5.10,316
223,N/A,Iona,MAAC,16,17,-4.55,103.7,222,108.2,216,66.9,215,-.045,291,-4.67,298,103.0,301,107.6,259,-0.29,208
224,N/A,Milwaukee,Horz,20,15,-4.62,107.9,144,112.5,315,70.0,51,+.067,38,-3.14,260,105.2,225,108.4,297,+1.56,147
225,N/A,Austin Peay,ASun,19,15,-4.74,109.0,125,113.7,333,64.3,334,+.059,52,-2.51,240,106.2,179,108.7,323,+4.47,78
226,N/A,Pepperdine,WCC,13,20,-4.75,106.2,176,110.9,274,67.3,186,-.087,349,+0.62,146,106.7,152,106.0,165,+0.82,169
227,N/A,Harvard,Ivy,14,13,-4.76,102.1,253,106.9,190,67.4,176,+.075,28,-0.23,174,107.0,142,107.3,236,-1.85,253
228,N/A,Radford,BSth,16,17,-4.92,107.3,154,112.3,308,63.4,347,+.018,140,-1.52,210,105.7,196,107.3,234,+0.24,196
229,N/A,Nicholls St.,Slnd,20,14,-4.94,104.7,210,109.6,244,66.1,258,+.101,13,-2.96,253,104.1,279,107.1,222,+9.99,14
230,N/A,Rice,Amer,11,21,-5.00,106.6,170,111.6,292,65.8,272,-.059,316,+2.80,113,107.7,117,104.9,124,-0.23,206
231,N/A,Green Bay,Horz,18,14,-5.08,103.9,221,109.0,236,63.6,345,+.070,35,-2.91,251,105.4,215,108.3,295,+2.35,122
232,N/A,Maine,AE,15,17,-5.09,97.3,319,102.4,100,65.4,299,+.003,171,-2.48,238,104.3,262,106.8,208,-1.07,230
233,N/A,Cal St. Fullerton,BW,14,18,-5.15,100.2,284,105.4,157,66.3,249,+.019,137,+0.50,152,105.9,189,105.4,139,+5.71,54
234,N/A,Cal St. Northridge,BW,19,15,-5.20,100.2,283,105.4,158,72.5,13,+.051,63,-3.04,256,104.0,282,107.0,219,-7.36,354
235,N/A,Columbia,Ivy,13,14,-5.22,106.8,168,112.0,299,68.5,112,-.036,279,-2.32,233,104.3,266,106.6,195,-7.28,353
236,N/A,Norfolk St.,MEAC,22,11,-5.25,103.4,230,108.6,226,66.4,247,+.081,22,-7.06,343,100.8,347,107.9,270,+2.29,125
237,N/A,North Dakota,Sum,18,14,-5.28,105.4,193,110.7,268,66.6,237,+.025,115,-5.26,312,104.8,248,110.1,361,-5.61,332
238,N/A,Fresno St.,MWC,12,21,-5.30,103.6,224,108.9,234,65.5,287,+.002,173,+5.55,91,109.5,90,104.0,93,-3.76,293
239,N/A,Marshall,SB,13,20,-5.39,101.5,261,106.8,189,70.3,45,-.013,221,+0.01,164,106.7,151,106.7,202,+2.07,131
240,N/A,North Florida,ASun,16,16,-5.43,107.2,158,112.6,317,67.0,204,-.007,203,-3.31,266,106.1,183,109.4,352,+1.04,164
241,N/A,Bowling Green,MAC,20,13,-5.46,102.4,248,107.9,211,67.5,166,+.064,47,-5.45,314,103.0,299,108.5,306,-5.41,325
242,N/A,Florida Gulf Coast,ASun,14,18,-5.47,103.3,233,108.8,231,63.7,341,-.054,306,-2.21,228,106.9,145,109.2,339,+4.81,73
243,N/A,Southern Miss,SB,16,16,-5.63,101.3,264,107.0,194,67.9,144,+.055,58,-0.62,185,105.7,197,106.3,182,+1.46,151
244,N/A,Albany,AE,13,19,-5.71,105.3,196,111.0,277,73.0,6,-.079,337,-3.08,259,103.0,300,106.1,168,-3.06,279
245,N/A,New Hampshire,AE,16,15,-5.85,100.0,288,105.9,170,71.3,24,+.077,25,-2.22,229,104.3,265,106.5,188,+0.46,184
246,N/A,Cal St. Bakersfield,BW,13,19,-5.87,101.2,266,107.1,196,64.7,319,-.035,277,-1.00,195,105.6,204,106.6,197,+0.36,189
247,N/A,San Jose St.,MWC,9,23,-5.92,105.9,183,111.8,294,65.7,275,-.038,283,+5.46,92,109.6,88,104.2,101,-3.74,291
248,N/A,Portland St.,BSky,17,15,-5.94,99.7,292,105.6,161,69.2,77,+.033,104,-2.99,255,105.7,200,108.7,317,-0.62,216
249,N/A,Mount St. Mary's,MAAC,13,19,-6.00,102.5,246,108.5,224,69.0,89,-.118,361,-6.04,324,101.5,338,107.6,257,-5.40,324
250,N/A,North Alabama,ASun,15,17,-6.10,105.8,184,111.9,298,67.8,155,+.009,161,-2.87,250,106.0,184,108.9,330,+2.27,127
251,N/A,Southern Utah,WAC,10,21,-6.18,105.8,185,112.0,300,69.5,70,-.076,332,+0.56,148,104.7,251,104.1,99,+2.38,121
252,N/A,Northeastern,CAA,12,20,-6.24,105.3,197,111.5,290,65.7,276,-.018,232,-1.11,199,105.7,198,106.8,209,+1.21,157
253,N/A,UTSA,Amer,11,21,-6.64,107.0,163,113.7,332,70.4,43,-.001,187,+0.20,156,105.9,187,105.7,158,-6.83,346
254,N/A,North Carolina Central,MEAC,18,13,-6.65,104.9,204,111.6,291,66.5,242,-.004,198,-8.12,350,100.0,355,108.1,284,+0.55,179
255,N/A,Idaho St.,BSky,14,20,-6.71,103.4,227,110.1,256,63.9,340,-.054,305,-3.30,264,105.5,208,108.8,326,-0.99,229
256,N/A,Miami OH,MAC,15,17,-6.83,99.8,291,106.6,180,67.3,183,-.016,227,-2.93,252,104.3,271,107.2,229,+1.05,163
257,N/A,Nebraska Omaha,Sum,15,18,-6.88,104.1,217,111.0,275,67.3,185,-.056,308,-3.76,278,105.5,206,109.3,347,-1.32,241
258,N/A,The Citadel,SC,11,21,-7.05,103.0,240,110.0,251,65.4,296,-.111,357,-0.17,170,106.5,160,106.6,201,-0.51,215
259,N/A,San Diego,WCC,18,15,-7.06,100.5,277,107.5,206,71.0,32,+.147,4,-0.18,172,107.2,136,107.4,242,-4.00,299
260,N/A,Air Force,MWC,9,22,-7.19,105.9,182,113.1,322,61.8,359,-.046,294,+3.18,107,108.3,104,105.1,129,-9.58,359
261,N/A,Lehigh,Pat,14,18,-7.28,99.6,293,106.9,192,69.9,54,-.073,331,-5.85,321,101.7,334,107.5,254,+7.37,30
262,N/A,Central Connecticut,NEC,20,11,-7.38,101.1,270,108.4,218,66.8,220,+.049,67,-9.97,362,99.4,362,109.4,350,-1.28,240
263,N/A,Kennesaw St.,ASun,15,16,-7.38,105.3,195,112.7,318,74.0,4,+.019,136,-3.92,282,105.8,192,109.8,359,-0.34,211
264,N/A,Denver,Sum,17,17,-7.69,107.9,146,115.5,351,70.3,48,+.018,138,-3.20,262,105.5,210,108.7,318,-1.13,233
265,N/A,Southern,SWAC,18,14,-7.69,97.1,322,104.8,145,67.4,173,+.068,37,-5.83,320,101.6,336,107.4,246,+15.13,3
266,N/A,Ball St.,MAC,15,16,-7.75,103.0,239,110.7,269,66.8,222,-.025,252,-6.10,326,102.8,310,108.9,332,-5.42,326
267,16,Grambling St.,SWAC,20,14,-7.81,99.3,297,107.1,197,64.8,314,+.131,8,-5.62,316,101.0,344,106.6,199,+15.12,4
268,N/A,Queens,ASun,14,19,-7.81,104.0,219,111.8,295,72.6,10,+.037,94,-1.23,204,107.3,133,108.5,308,+5.40,59
269,N/A,Niagara,MAAC,16,16,-7.87,103.4,229,111.2,281,67.3,189,+.021,131,-5.87,322,101.3,342,107.1,226,-3.88,295
270,N/A,Western Illinois,OVC,21,12,-7.88,97.9,314,105.8,167,64.6,324,+.121,10,-6.99,341,102.2,319,109.2,343,+1.57,146
271,N/A,Jacksonville,ASun,16,17,-8.09,101.1,268,109.2,240,65.5,291,+.043,83,-3.54,272,106.5,158,110.1,360,+0.28,192
272,N/A,Presbyterian,BSth,14,18,-8.10,103.4,231,111.5,288,67.2,194,-.021,241,-4.24,288,104.2,275,108.4,302,-7.04,349
273,N/A,UMBC,AE,11,21,-8.23,105.1,202,113.3,327,73.0,5,-.079,335,-4.62,297,102.0,327,106.6,198,-6.94,347
274,N/A,Canisius,MAAC,14,18,-8.25,100.2,282,108.5,220,66.8,224,+.026,112,-2.68,245,104.1,280,106.8,206,+5.25,63
275,N/A,Bucknell,Pat,14,19,-8.26,100.4,280,108.6,225,64.7,320,-.023,248,-5.63,317,102.2,322,107.8,266,+2.22,129
276,16,Howard,MEAC,18,16,-8.26,105.5,192,113.8,334,67.5,163,+.023,119,-6.93,338,100.7,349,107.6,258,+0.03,202
277,N/A,Texas Southern,SWAC,16,16,-8.30,98.5,306,106.8,187,67.8,154,+.027,111,-7.33,346,101.4,340,108.7,321,+11.84,8
278,N/A,North Dakota St.,Sum,15,17,-8.31,104.0,218,112.4,310,65.5,284,+.076,26,-1.36,207,107.1,140,108.5,304,+3.11,104
279,N/A,Central Michigan,MAC,18,14,-8.35,96.6,328,105.0,150,65.0,310,+.148,3,-3.38,268,104.3,267,107.7,261,+3.23,99
280,N/A,Georgia Southern,SB,9,24,-8.50,104.8,207,113.3,330,68.9,94,-.048,297,-0.84,193,105.5,209,106.3,179,-0.71,221
281,N/A,Oral Roberts,Sum,12,19,-8.64,103.6,225,112.2,306,67.6,160,-.000,182,-0.71,190,106.7,149,107.4,247,+7.21,34
282,N/A,Middle Tennessee,CUSA,14,19,-8.79,98.1,311,106.9,191,65.4,295,+.072,31,+0.55,150,105.2,226,104.7,114,+0.40,186
283,N/A,Binghamton,AE,15,15,-8.85,102.5,247,111.4,286,66.2,255,+.070,34,-3.52,271,102.9,304,106.4,184,-3.77,294
284,N/A,FIU,CUSA,11,22,-9.06,101.6,259,110.6,265,70.2,50,-.010,212,-1.12,200,104.3,264,105.4,143,-2.88,274
285,N/A,Utah Tech,WAC,11,20,-9.28,99.6,294,108.8,233,70.3,46,+.042,84,+0.31,155,105.1,236,104.8,122,+0.68,176
286,N/A,SIU Edwardsville,OVC,17,16,-9.51,101.4,262,110.9,272,67.0,205,+.015,148,-6.57,334,102.1,324,108.7,320,+1.16,160
287,N/A,Old Dominion,SB,7,25,-9.71,99.0,301,108.7,228,70.0,53,-.086,346,+0.12,159,106.4,162,106.3,180,+1.92,137
288,N/A,USC Upstate,BSth,10,20,-9.86,100.0,287,109.9,248,67.0,208,+.020,135,-0.51,180,106.8,148,107.4,241,+2.90,112
289,N/A,Tennessee St.,OVC,18,15,-9.86,99.0,302,108.8,232,68.3,123,+.036,96,-6.69,335,102.3,318,108.9,335,+1.29,155
290,N/A,New Mexico St.,CUSA,13,19,-9.90,99.3,296,109.2,241,66.1,261,+.065,44,+2.72,116,106.3,170,103.6,89,+6.97,39
291,N/A,Delaware St.,MEAC,15,18,-10.04,95.7,335,105.8,166,68.5,110,-.006,201,-7.05,342,101.8,331,108.9,329,-0.68,220
292,N/A,Sacred Heart,NEC,16,16,-10.04,102.1,252,112.2,303,69.2,80,-.028,258,-9.63,361,99.7,360,109.3,349,-3.95,298
293,16,Wagner,NEC,16,15,-10.09,95.8,334,105.9,171,61.3,361,+.022,122,-8.19,352,100.2,354,108.4,301,-1.11,232
294,N/A,American,Pat,16,16,-10.25,103.6,223,113.8,336,62.7,355,-.006,200,-9.33,359,99.9,357,109.3,345,-4.90,314
295,N/A,Boston University,Pat,16,17,-10.31,98.4,309,108.7,227,65.7,273,+.008,165,-8.15,351,99.8,358,108.0,278,-2.24,259
296,N/A,Louisiana Monroe,SB,11,19,-10.50,100.1,285,110.6,263,67.2,195,+.027,108,-0.36,178,105.1,235,105.5,145,+1.87,138
297,N/A,Alcorn St.,SWAC,14,18,-10.61,106.2,175,116.8,355,66.4,248,+.054,59,-3.81,280,102.9,305,106.7,203,+15.00,5
298,N/A,Valparaiso,MVC,7,25,-10.76,100.2,281,111.0,278,67.9,149,-.016,228,+2.75,114,107.3,130,104.6,113,-4.58,311
299,N/A,Portland,WCC,12,21,-10.77,103.4,232,114.1,337,67.4,171,+.052,62,+2.17,126,107.9,112,105.7,157,+0.31,190
300,N/A,Le Moyne,NEC,15,17,-10.91,100.1,286,111.0,279,67.2,192,-.055,307,-8.55,355,100.0,356,108.5,307,-0.75,223
301,N/A,South Carolina St.,MEAC,14,18,-10.94,99.1,299,110.1,253,68.5,108,+.033,105,-4.71,299,102.6,313,107.3,239,+4.05,85
302,N/A,Chicago St.,ind,12,18,-11.06,98.9,304,109.9,250,64.4,331,+.046,73,-1.19,202,105.2,232,106.4,183,-1.19,235
303,N/A,Southeastern Louisiana,Slnd,15,17,-11.11,99.0,303,110.1,252,64.7,318,+.041,86,-4.74,300,103.3,296,108.0,279,+7.05,37
304,N/A,Western Michigan,MAC,12,20,-11.29,100.0,289,111.3,284,68.4,115,+.022,125,-3.06,258,104.1,278,107.2,228,+1.18,158
305,N/A,Northern Illinois,MAC,11,20,-11.52,102.2,251,113.8,335,68.0,141,+.041,85,+0.05,161,106.6,156,106.5,186,+7.39,29
306,N/A,Robert Morris,Horz,10,22,-11.58,101.7,258,113.3,326,66.9,214,-.097,353,-2.70,246,105.7,199,108.4,299,-0.63,217
307,N/A,DePaul,BE,3,29,-11.67,101.2,267,112.8,319,67.5,164,-.022,247,+12.52,10,113.0,10,100.5,11,+1.52,149
308,N/A,Bethune Cookman,SWAC,17,16,-11.82,97.4,317,109.3,242,69.4,72,+.076,27,-8.44,353,99.6,361,108.1,285,+0.47,183
309,N/A,Jackson St.,SWAC,15,17,-12.09,100.4,278,112.5,314,68.4,120,+.095,15,-6.36,330,102.3,317,108.6,313,+7.19,35
310,N/A,Northern Arizona,BSky,14,19,-12.16,99.1,300,111.3,283,68.2,129,+.095,17,-2.45,237,105.5,207,108.0,277,+0.09,200
311,N/A,Campbell,CAA,14,18,-12.27,100.7,275,112.9,321,66.5,243,+.030,106,-4.95,304,104.2,273,109.2,340,-6.69,343
312,N/A,Sacramento St.,BSky,10,24,-12.55,98.3,310,110.9,271,63.9,339,-.004,194,-1.59,211,106.3,171,107.9,272,+3.08,107
313,N/A,Coastal Carolina,SB,9,22,-12.66,99.5,295,112.2,305,69.4,73,+.003,170,-2.19,226,105.2,229,107.4,245,-5.20,319
314,N/A,Alabama St.,SWAC,13,19,-12.73,92.9,352,105.7,162,67.1,200,-.009,206,-5.96,323,101.7,332,107.7,263,+12.05,6
315,N/A,Bellarmine,ASun,8,23,-12.85,100.4,279,113.2,325,64.8,317,-.058,311,+0.09,160,108.4,101,108.3,291,+8.68,20
316,N/A,Charleston Southern,BSth,10,20,-13.03,95.5,336,108.5,221,66.8,223,+.044,79,+0.61,147,107.4,128,106.8,205,+6.31,43
317,N/A,Elon,CAA,13,19,-13.25,101.9,256,115.1,347,67.4,177,+.050,65,-4.43,292,104.8,249,109.3,344,-2.15,258
318,N/A,Lafayette,Pat,11,21,-13.31,93.7,346,107.0,193,65.2,304,-.028,260,-5.47,315,102.8,308,108.3,292,+3.26,98
319,N/A,William & Mary,CAA,10,23,-13.51,100.7,274,114.2,340,65.8,271,-.062,320,-4.48,295,104.3,270,108.7,324,-5.59,331
320,N/A,Eastern Illinois,OVC,14,18,-13.58,96.2,331,109.8,247,66.6,236,+.008,163,-6.14,327,101.7,335,107.8,265,+4.29,81
321,N/A,Idaho,BSky,11,21,-13.66,98.4,307,112.1,301,64.8,315,-.019,237,-3.51,270,105.0,241,108.5,311,-2.24,260
322,N/A,South Dakota,Sum,12,20,-13.82,103.1,236,117.0,356,68.6,105,+.010,159,-4.18,287,104.6,255,108.8,327,-4.26,306
323,N/A,Navy,Pat,13,18,-14.12,96.9,325,111.0,276,65.4,293,-.020,239,-9.60,360,99.7,359,109.3,348,-5.51,328
324,N/A,Northwestern St.,Slnd,9,23,-14.49,97.8,315,112.3,309,67.3,182,-.093,351,-4.97,305,103.3,295,108.3,294,+2.97,109
325,N/A,Eastern Michigan,MAC,13,18,-15.01,96.9,323,111.9,297,65.2,306,+.090,18,-4.99,306,103.7,290,108.6,315,-3.51,289
326,N/A,Fairleigh Dickinson,NEC,15,17,-15.29,98.0,312,113.3,329,72.1,15,+.086,19,-8.92,357,100.3,353,109.2,342,-4.46,310
327,N/A,Alabama A&M,SWAC,11,22,-15.45,93.6,347,109.0,237,70.3,47,+.023,118,-6.56,333,102.0,325,108.6,312,+4.85,72
328,N/A,Southern Indiana,OVC,8,24,-15.79,96.1,332,111.9,296,68.9,93,-.082,340,-5.03,307,102.9,306,107.9,275,+5.62,56
329,N/A,Texas A&M Commerce,Slnd,13,20,-16.31,94.9,341,111.2,280,66.1,259,+.067,39,-3.64,275,104.7,250,108.4,298,+10.40,11
330,N/A,UT Rio Grande Valley,WAC,6,25,-16.43,95.3,338,111.8,293,71.2,27,-.001,188,+0.72,145,105.4,212,104.7,116,+0.61,177
331,N/A,Tennessee Tech,OVC,10,21,-16.59,96.3,330,112.9,320,65.5,288,-.039,284,-4.84,302,103.3,294,108.2,288,+2.84,117
332,N/A,Morgan St.,MEAC,11,20,-16.83,97.4,318,114.2,339,70.7,35,+.009,160,-5.14,310,102.9,307,108.0,280,+3.34,94
333,N/A,Dartmouth,Ivy,6,21,-16.89,93.3,350,110.2,258,65.0,309,+.004,168,+1.10,139,107.7,119,106.6,193,-0.66,219
334,N/A,NJIT,AE,7,21,-16.92,97.5,316,114.4,343,66.2,256,+.026,113,-2.52,241,103.5,292,106.0,163,-2.14,257
335,N/A,Prairie View A&M,SWAC,10,21,-16.95,94.5,344,111.5,287,70.6,37,+.013,153,-5.29,313,102.6,314,107.9,271,+8.48,22
336,N/A,Arkansas Pine Bluff,SWAC,13,18,-17.14,102.0,255,119.1,361,71.8,17,+.044,78,-7.82,349,100.8,346,108.7,316,+10.39,12
337,N/A,Manhattan,MAAC,7,23,-17.18,95.3,339,112.5,312,68.0,142,-.016,226,-3.16,261,102.9,303,106.1,167,+3.28,97
338,N/A,Cal Poly,BW,4,28,-17.58,94.8,342,112.4,311,65.7,277,-.009,207,-0.68,188,105.8,194,106.4,185,-1.25,237
339,N/A,Central Arkansas,ASun,9,23,-17.72,97.3,320,115.0,346,69.1,82,+.022,123,-4.45,294,105.3,223,109.7,358,-3.44,288
340,N/A,New Orleans,Slnd,10,23,-17.92,98.0,313,115.9,352,71.4,20,-.034,272,-3.71,277,103.8,286,107.5,251,+7.44,28
341,N/A,Hampton,CAA,9,24,-17.98,94.5,343,112.5,316,69.6,66,-.000,185,-3.91,281,105.1,238,109.0,336,-3.34,284
342,N/A,Florida A&M,SWAC,6,23,-18.12,93.2,351,111.3,285,68.2,127,-.040,286,-3.57,273,103.0,298,106.6,196,+19.15,1
343,N/A,Incarnate Word,Slnd,8,23,-18.71,96.6,329,115.3,349,69.9,57,-.009,208,-6.43,331,102.5,315,108.9,331,-3.15,282
344,N/A,LIU,NEC,7,22,-18.82,93.3,349,112.2,302,70.2,49,-.001,189,-5.74,318,101.5,339,107.2,232,+2.04,133
345,N/A,Army,Pat,10,22,-18.83,90.9,357,109.8,246,63.0,351,-.052,302,-9.00,358,100.7,350,109.7,356,-5.22,321
346,N/A,North Carolina A&T,CAA,7,25,-19.44,96.0,333,115.4,350,67.6,159,+.045,76,-2.23,231,105.0,240,107.3,238,+1.36,153
347,N/A,Buffalo,MAC,4,27,-19.55,95.4,337,115.0,345,69.0,87,-.017,229,-2.05,223,105.2,228,107.3,237,+1.18,159
348,N/A,Holy Cross,Pat,10,23,-19.57,100.8,273,120.4,362,65.7,274,+.017,143,-7.49,348,100.7,351,108.2,287,-3.42,286
349,N/A,Maryland Eastern Shore,MEAC,9,20,-19.83,89.7,359,109.5,243,67.0,206,+.003,172,-4.57,296,102.9,302,107.5,252,+5.17,66
350,N/A,Loyola MD,Pat,7,25,-20.11,93.4,348,113.5,331,65.7,279,-.008,204,-6.23,328,102.2,323,108.4,300,+0.75,171
351,N/A,Detroit Mercy,Horz,1,31,-20.61,96.8,326,117.4,357,66.7,228,-.068,325,-0.32,177,107.3,129,107.7,260,+5.82,53
352,N/A,Southeast Missouri St.,OVC,9,22,-21.17,91.3,356,112.5,313,69.0,88,+.016,145,-5.10,308,102.7,312,107.8,267,+3.09,106
353,N/A,Houston Christian,Slnd,6,23,-21.98,96.7,327,118.7,360,71.3,23,-.005,199,-2.53,242,104.9,243,107.5,250,+12.03,7
354,N/A,VMI,SC,4,28,-22.04,89.2,360,111.2,282,74.6,2,-.060,318,+0.19,157,107.2,134,107.0,218,-2.78,272
355,N/A,Saint Francis,NEC,8,22,-22.23,94.4,345,116.7,354,65.3,301,+.021,128,-7.30,344,100.9,345,108.2,290,-0.28,207
356,N/A,Lindenwood,OVC,9,22,-22.36,91.8,355,114.2,338,67.0,209,+.024,116,-6.93,339,101.6,337,108.5,305,-1.58,249
357,N/A,Siena,MAAC,4,28,-22.52,90.6,358,113.2,323,65.9,267,-.011,215,-3.41,269,103.7,287,107.1,224,-0.32,210
358,N/A,Stonehill,NEC,4,27,-22.89,91.9,354,114.8,344,67.6,162,-.078,334,-4.92,303,102.2,320,107.2,227,+4.28,82
359,N/A,Pacific,WCC,6,26,-22.91,95.2,340,118.2,359,68.2,128,-.014,224,-0.04,165,106.3,173,106.3,178,-4.90,313
360,N/A,IUPUI,Horz,6,26,-25.63,92.1,353,117.7,358,67.3,181,-.019,238,-2.97,254,106.2,177,109.2,341,-4.18,303
